dataset_type,n,algorithm,avg_time_us,avg_char_comparisons,runs,sorted_ok
random,100,standard_quicksort,8.688,770.000,5,1
random,100,standard_mergesort,5.406,611.000,5,1
random,100,string_quicksort,4.142,1646.000,5,1
random,100,string_mergesort_lcp,14.006,1629.000,5,1
random,100,msd_radix_sort,8.063,182.000,5,1
random,100,msd_radix_quick_sort,1.724,305.000,5,1
random,200,standard_quicksort,17.398,1906.000,5,1
random,200,standard_mergesort,12.236,1499.000,5,1
random,200,string_quicksort,9.357,3679.000,5,1
random,200,string_mergesort_lcp,33.971,3962.000,5,1
random,200,msd_radix_sort,14.182,391.000,5,1
random,200,msd_radix_quick_sort,4.156,878.000,5,1
random,300,standard_quicksort,27.474,3016.000,5,1
random,300,standard_mergesort,23.946,2517.000,5,1
random,300,string_quicksort,16.122,6064.000,5,1
random,300,string_mergesort_lcp,57.428,6608.000,5,1
random,300,msd_radix_sort,22.182,606.000,5,1
random,300,msd_radix_quick_sort,6.464,1531.000,5,1
random,400,standard_quicksort,38.984,4429.000,5,1
random,400,standard_mergesort,35.401,3676.000,5,1
random,400,string_quicksort,25.206,8296.000,5,1
random,400,string_mergesort_lcp,85.219,9624.000,5,1
random,400,msd_radix_sort,24.252,824.000,5,1
random,400,msd_radix_quick_sort,11.052,2389.000,5,1
random,500,standard_quicksort,82.774,5776.000,5,1
random,500,standard_mergesort,156.921,4889.000,5,1
random,500,string_quicksort,51.341,10618.000,5,1
random,500,string_mergesort_lcp,137.004,12745.000,5,1
random,500,msd_radix_sort,59.631,1047.000,5,1
random,500,msd_radix_quick_sort,17.799,3304.000,5,1
random,600,standard_quicksort,114.110,6977.000,5,1
random,600,standard_mergesort,87.577,6104.000,5,1
random,600,string_quicksort,55.718,13670.000,5,1
random,600,string_mergesort_lcp,140.282,15883.000,5,1
random,600,msd_radix_sort,30.237,1256.000,5,1
random,600,msd_radix_quick_sort,18.661,4317.000,5,1
random,700,standard_quicksort,86.378,8433.000,5,1
random,700,standard_mergesort,85.819,7478.000,5,1
random,700,string_quicksort,56.280,15868.000,5,1
random,700,string_mergesort_lcp,190.991,19430.000,5,1
random,700,msd_radix_sort,38.486,1476.000,5,1
random,700,msd_radix_quick_sort,26.641,5377.000,5,1
random,800,standard_quicksort,115.521,10691.000,5,1
random,800,standard_mergesort,109.116,8794.000,5,1
random,800,string_quicksort,73.541,21870.000,5,1
random,800,string_mergesort_lcp,229.308,22845.000,5,1
random,800,msd_radix_sort,43.251,1694.000,5,1
random,800,msd_radix_quick_sort,31.890,6545.000,5,1
random,900,standard_quicksort,132.697,11612.000,5,1
random,900,standard_mergesort,118.611,10166.000,5,1
random,900,string_quicksort,84.326,21763.000,5,1
random,900,string_mergesort_lcp,265.268,26368.000,5,1
random,900,msd_radix_sort,47.076,1915.000,5,1
random,900,msd_radix_quick_sort,38.454,7731.000,5,1
random,1000,standard_quicksort,213.720,14277.000,5,1
random,1000,standard_mergesort,136.821,11619.000,5,1
random,1000,string_quicksort,113.719,25916.000,5,1
random,1000,string_mergesort_lcp,292.354,30067.000,5,1
random,1000,msd_radix_sort,51.975,2147.000,5,1
random,1000,msd_radix_quick_sort,50.004,8928.000,5,1
random,1100,standard_quicksort,186.949,15226.000,5,1
random,1100,standard_mergesort,146.374,13092.000,5,1
random,1100,string_quicksort,104.997,26665.000,5,1
random,1100,string_mergesort_lcp,358.395,33840.000,5,1
random,1100,msd_radix_sort,65.936,2378.000,5,1
random,1100,msd_radix_quick_sort,57.907,10300.000,5,1
random,1200,standard_quicksort,199.619,17622.000,5,1
random,1200,standard_mergesort,194.769,14546.000,5,1
random,1200,string_quicksort,147.833,31003.000,5,1
random,1200,string_mergesort_lcp,491.535,37578.000,5,1
random,1200,msd_radix_sort,80.656,2608.000,5,1
random,1200,msd_radix_quick_sort,73.701,11500.000,5,1
random,1300,standard_quicksort,271.665,18305.000,5,1
random,1300,standard_mergesort,326.205,16062.000,5,1
random,1300,string_quicksort,209.718,32670.000,5,1
random,1300,string_mergesort_lcp,465.926,41462.000,5,1
random,1300,msd_radix_sort,83.272,2841.000,5,1
random,1300,msd_radix_quick_sort,71.177,12986.000,5,1
random,1400,standard_quicksort,270.942,20455.000,5,1
random,1400,standard_mergesort,209.688,17672.000,5,1
random,1400,string_quicksort,169.052,37102.000,5,1
random,1400,string_mergesort_lcp,1336.112,45572.000,5,1
random,1400,msd_radix_sort,76.623,3077.000,5,1
random,1400,msd_radix_quick_sort,73.559,14344.000,5,1
random,1500,standard_quicksort,250.929,22722.000,5,1
random,1500,standard_mergesort,243.349,19194.000,5,1
random,1500,string_quicksort,185.682,41198.000,5,1
random,1500,string_mergesort_lcp,539.136,49409.000,5,1
random,1500,msd_radix_sort,101.306,3323.000,5,1
random,1500,msd_radix_quick_sort,92.303,16021.000,5,1
random,1600,standard_quicksort,315.847,24340.000,5,1
random,1600,standard_mergesort,337.007,20778.000,5,1
random,1600,string_quicksort,328.834,40234.000,5,1
random,1600,string_mergesort_lcp,952.015,53500.000,5,1
random,1600,msd_radix_sort,180.476,3575.000,5,1
random,1600,msd_radix_quick_sort,141.795,17551.000,5,1
random,1700,standard_quicksort,430.528,27072.000,5,1
random,1700,standard_mergesort,347.737,22424.000,5,1
random,1700,string_quicksort,276.106,51673.000,5,1
random,1700,string_mergesort_lcp,811.182,57657.000,5,1
random,1700,msd_radix_sort,124.867,3828.000,5,1
random,1700,msd_radix_quick_sort,111.385,19330.000,5,1
random,1800,standard_quicksort,342.663,29157.000,5,1
random,1800,standard_mergesort,298.570,23994.000,5,1
random,1800,string_quicksort,212.358,49634.000,5,1
random,1800,string_mergesort_lcp,642.486,61657.000,5,1
random,1800,msd_radix_sort,119.712,4068.000,5,1
random,1800,msd_radix_quick_sort,108.458,20759.000,5,1
random,1900,standard_quicksort,434.787,30674.000,5,1
random,1900,standard_mergesort,450.743,25629.000,5,1
random,1900,string_quicksort,223.141,54239.000,5,1
random,1900,string_mergesort_lcp,681.806,65794.000,5,1
random,1900,msd_radix_sort,124.062,4337.000,5,1
random,1900,msd_radix_quick_sort,119.734,21887.000,5,1
random,2000,standard_quicksort,364.177,32367.000,5,1
random,2000,standard_mergesort,332.940,27325.000,5,1
random,2000,string_quicksort,253.840,57817.000,5,1
random,2000,string_mergesort_lcp,792.327,70110.000,5,1
random,2000,msd_radix_sort,158.764,4584.000,5,1
random,2000,msd_radix_quick_sort,156.051,23370.000,5,1
random,2100,standard_quicksort,440.354,34529.000,5,1
random,2100,standard_mergesort,401.213,29018.000,5,1
random,2100,string_quicksort,283.185,61105.000,5,1
random,2100,string_mergesort_lcp,934.376,74423.000,5,1
random,2100,msd_radix_sort,179.094,4847.000,5,1
random,2100,msd_radix_quick_sort,162.500,25462.000,5,1
random,2200,standard_quicksort,470.147,37316.000,5,1
random,2200,standard_mergesort,419.503,30676.000,5,1
random,2200,string_quicksort,307.319,63300.000,5,1
random,2200,string_mergesort_lcp,956.896,78605.000,5,1
random,2200,msd_radix_sort,172.314,5115.000,5,1
random,2200,msd_radix_quick_sort,183.345,27150.000,5,1
random,2300,standard_quicksort,476.391,40510.000,5,1
random,2300,standard_mergesort,454.045,32407.000,5,1
random,2300,string_quicksort,390.449,74476.000,5,1
random,2300,string_mergesort_lcp,1058.816,82990.000,5,1
random,2300,msd_radix_sort,192.056,5377.000,5,1
random,2300,msd_radix_quick_sort,196.430,29615.000,5,1
random,2400,standard_quicksort,519.893,41746.000,5,1
random,2400,standard_mergesort,491.018,34072.000,5,1
random,2400,string_quicksort,358.605,81348.000,5,1
random,2400,string_mergesort_lcp,1074.140,87238.000,5,1
random,2400,msd_radix_sort,212.879,5640.000,5,1
random,2400,msd_radix_quick_sort,188.081,30855.000,5,1
random,2500,standard_quicksort,479.892,46051.000,5,1
random,2500,standard_mergesort,410.585,35880.000,5,1
random,2500,string_quicksort,305.715,71957.000,5,1
random,2500,string_mergesort_lcp,890.337,91809.000,5,1
random,2500,msd_radix_sort,205.593,5909.000,5,1
random,2500,msd_radix_quick_sort,141.436,32214.000,5,1
random,2600,standard_quicksort,441.638,46767.000,5,1
random,2600,standard_mergesort,446.925,37560.000,5,1
random,2600,string_quicksort,359.100,78848.000,5,1
random,2600,string_mergesort_lcp,1123.386,96076.000,5,1
random,2600,msd_radix_sort,212.160,6167.000,5,1
random,2600,msd_radix_quick_sort,258.767,34366.000,5,1
random,2700,standard_quicksort,570.667,47016.000,5,1
random,2700,standard_mergesort,409.631,39375.000,5,1
random,2700,string_quicksort,325.650,84457.000,5,1
random,2700,string_mergesort_lcp,1122.554,100662.000,5,1
random,2700,msd_radix_sort,249.735,6452.000,5,1
random,2700,msd_radix_quick_sort,202.736,35049.000,5,1
random,2800,standard_quicksort,543.895,51153.000,5,1
random,2800,standard_mergesort,499.238,41124.000,5,1
random,2800,string_quicksort,317.027,87723.000,5,1
random,2800,string_mergesort_lcp,1042.018,105092.000,5,1
random,2800,msd_radix_sort,247.867,6729.000,5,1
random,2800,msd_radix_quick_sort,288.497,37038.000,5,1
random,2900,standard_quicksort,645.976,52343.000,5,1
random,2900,standard_mergesort,516.262,42879.000,5,1
random,2900,string_quicksort,353.630,87165.000,5,1
random,2900,string_mergesort_lcp,1121.503,109563.000,5,1
random,2900,msd_radix_sort,201.311,7005.000,5,1
random,2900,msd_radix_quick_sort,199.904,39115.000,5,1
random,3000,standard_quicksort,508.752,54834.000,5,1
random,3000,standard_mergesort,538.122,44621.000,5,1
random,3000,string_quicksort,475.816,91457.000,5,1
random,3000,string_mergesort_lcp,1392.529,113907.000,5,1
random,3000,msd_radix_sort,347.802,7279.000,5,1
random,3000,msd_radix_quick_sort,190.343,40930.000,5,1
reverse_sorted,100,standard_quicksort,7.568,931.000,5,1
reverse_sorted,100,standard_mergesort,4.419,609.000,5,1
reverse_sorted,100,string_quicksort,3.813,1539.000,5,1
reverse_sorted,100,string_mergesort_lcp,10.985,1448.000,5,1
reverse_sorted,100,msd_radix_sort,7.234,243.000,5,1
reverse_sorted,100,msd_radix_quick_sort,3.904,1004.000,5,1
reverse_sorted,200,standard_quicksort,23.728,2154.000,5,1
reverse_sorted,200,standard_mergesort,9.675,1299.000,5,1
reverse_sorted,200,string_quicksort,8.917,3877.000,5,1
reverse_sorted,200,string_mergesort_lcp,21.240,3174.000,5,1
reverse_sorted,200,msd_radix_sort,13.400,481.000,5,1
reverse_sorted,200,msd_radix_quick_sort,7.596,2114.000,5,1
reverse_sorted,300,standard_quicksort,22.160,3378.000,5,1
reverse_sorted,300,standard_mergesort,15.209,2060.000,5,1
reverse_sorted,300,string_quicksort,13.444,5268.000,5,1
reverse_sorted,300,string_mergesort_lcp,36.697,5074.000,5,1
reverse_sorted,300,msd_radix_sort,26.691,718.000,5,1
reverse_sorted,300,msd_radix_quick_sort,11.526,3115.000,5,1
reverse_sorted,400,standard_quicksort,30.245,4811.000,5,1
reverse_sorted,400,standard_mergesort,20.183,2841.000,5,1
reverse_sorted,400,string_quicksort,16.936,7440.000,5,1
reverse_sorted,400,string_mergesort_lcp,50.547,7070.000,5,1
reverse_sorted,400,msd_radix_sort,26.344,965.000,5,1
reverse_sorted,400,msd_radix_quick_sort,14.512,4199.000,5,1
reverse_sorted,500,standard_quicksort,40.269,6074.000,5,1
reverse_sorted,500,standard_mergesort,29.838,3710.000,5,1
reverse_sorted,500,string_quicksort,21.266,9757.000,5,1
reverse_sorted,500,string_mergesort_lcp,67.482,9319.000,5,1
reverse_sorted,500,msd_radix_sort,31.938,1203.000,5,1
reverse_sorted,500,msd_radix_quick_sort,17.446,5312.000,5,1
reverse_sorted,600,standard_quicksort,46.576,7484.000,5,1
reverse_sorted,600,standard_mergesort,31.869,4443.000,5,1
reverse_sorted,600,string_quicksort,27.072,11866.000,5,1
reverse_sorted,600,string_mergesort_lcp,78.864,11160.000,5,1
reverse_sorted,600,msd_radix_sort,39.978,1444.000,5,1
reverse_sorted,600,msd_radix_quick_sort,22.228,6419.000,5,1
reverse_sorted,700,standard_quicksort,62.354,9036.000,5,1
reverse_sorted,700,standard_mergesort,36.091,5225.000,5,1
reverse_sorted,700,string_quicksort,34.454,14558.000,5,1
reverse_sorted,700,string_mergesort_lcp,91.058,13207.000,5,1
reverse_sorted,700,msd_radix_sort,43.688,1683.000,5,1
reverse_sorted,700,msd_radix_quick_sort,32.012,7569.000,5,1
reverse_sorted,800,standard_quicksort,116.235,10608.000,5,1
reverse_sorted,800,standard_mergesort,46.420,6115.000,5,1
reverse_sorted,800,string_quicksort,46.424,16565.000,5,1
reverse_sorted,800,string_mergesort_lcp,161.523,15527.000,5,1
reverse_sorted,800,msd_radix_sort,51.602,1935.000,5,1
reverse_sorted,800,msd_radix_quick_sort,29.453,8718.000,5,1
reverse_sorted,900,standard_quicksort,73.093,12135.000,5,1
reverse_sorted,900,standard_mergesort,49.441,7046.000,5,1
reverse_sorted,900,string_quicksort,53.579,18982.000,5,1
reverse_sorted,900,string_mergesort_lcp,145.939,17967.000,5,1
reverse_sorted,900,msd_radix_sort,76.372,2193.000,5,1
reverse_sorted,900,msd_radix_quick_sort,42.753,9863.000,5,1
reverse_sorted,1000,standard_quicksort,111.660,13566.000,5,1
reverse_sorted,1000,standard_mergesort,70.705,8063.000,5,1
reverse_sorted,1000,string_quicksort,65.374,21057.000,5,1
reverse_sorted,1000,string_mergesort_lcp,196.938,20574.000,5,1
reverse_sorted,1000,msd_radix_sort,86.939,2437.000,5,1
reverse_sorted,1000,msd_radix_quick_sort,48.491,10942.000,5,1
reverse_sorted,1100,standard_quicksort,120.273,14913.000,5,1
reverse_sorted,1100,standard_mergesort,82.838,8742.000,5,1
reverse_sorted,1100,string_quicksort,72.844,23857.000,5,1
reverse_sorted,1100,string_mergesort_lcp,256.173,22353.000,5,1
reverse_sorted,1100,msd_radix_sort,99.866,2673.000,5,1
reverse_sorted,1100,msd_radix_quick_sort,57.575,11961.000,5,1
reverse_sorted,1200,standard_quicksort,136.823,16504.000,5,1
reverse_sorted,1200,standard_mergesort,87.866,9497.000,5,1
reverse_sorted,1200,string_quicksort,99.604,26747.000,5,1
reverse_sorted,1200,string_mergesort_lcp,248.787,24322.000,5,1
reverse_sorted,1200,msd_radix_sort,99.054,2916.000,5,1
reverse_sorted,1200,msd_radix_quick_sort,55.276,13015.000,5,1
reverse_sorted,1300,standard_quicksort,133.278,18117.000,5,1
reverse_sorted,1300,standard_mergesort,93.591,10334.000,5,1
reverse_sorted,1300,string_quicksort,80.765,28557.000,5,1
reverse_sorted,1300,string_mergesort_lcp,211.778,26524.000,5,1
reverse_sorted,1300,msd_radix_sort,100.040,3160.000,5,1
reverse_sorted,1300,msd_radix_quick_sort,57.419,14079.000,5,1
reverse_sorted,1400,standard_quicksort,138.098,19761.000,5,1
reverse_sorted,1400,standard_mergesort,88.257,11153.000,5,1
reverse_sorted,1400,string_quicksort,82.781,31318.000,5,1
reverse_sorted,1400,string_mergesort_lcp,295.888,28691.000,5,1
reverse_sorted,1400,msd_radix_sort,103.977,3396.000,5,1
reverse_sorted,1400,msd_radix_quick_sort,59.431,15197.000,5,1
reverse_sorted,1500,standard_quicksort,139.395,21376.000,5,1
reverse_sorted,1500,standard_mergesort,105.798,12079.000,5,1
reverse_sorted,1500,string_quicksort,133.227,34064.000,5,1
reverse_sorted,1500,string_mergesort_lcp,254.165,31143.000,5,1
reverse_sorted,1500,msd_radix_sort,111.610,3643.000,5,1
reverse_sorted,1500,msd_radix_quick_sort,61.723,16265.000,5,1
reverse_sorted,1600,standard_quicksort,146.828,22842.000,5,1
reverse_sorted,1600,standard_mergesort,98.965,13086.000,5,1
reverse_sorted,1600,string_quicksort,97.573,36272.000,5,1
reverse_sorted,1600,string_mergesort_lcp,253.267,33734.000,5,1
reverse_sorted,1600,msd_radix_sort,112.147,3894.000,5,1
reverse_sorted,1600,msd_radix_quick_sort,61.981,17384.000,5,1
reverse_sorted,1700,standard_quicksort,163.140,24477.000,5,1
reverse_sorted,1700,standard_mergesort,108.088,13913.000,5,1
reverse_sorted,1700,string_quicksort,96.065,38701.000,5,1
reverse_sorted,1700,string_mergesort_lcp,284.859,35960.000,5,1
reverse_sorted,1700,msd_radix_sort,114.566,4129.000,5,1
reverse_sorted,1700,msd_radix_quick_sort,64.829,18444.000,5,1
reverse_sorted,1800,standard_quicksort,160.907,26052.000,5,1
reverse_sorted,1800,standard_mergesort,111.118,14879.000,5,1
reverse_sorted,1800,string_quicksort,102.889,41442.000,5,1
reverse_sorted,1800,string_mergesort_lcp,294.154,38531.000,5,1
reverse_sorted,1800,msd_radix_sort,134.364,4359.000,5,1
reverse_sorted,1800,msd_radix_quick_sort,74.979,19504.000,5,1
reverse_sorted,1900,standard_quicksort,183.610,27485.000,5,1
reverse_sorted,1900,standard_mergesort,123.093,15878.000,5,1
reverse_sorted,1900,string_quicksort,112.654,44340.000,5,1
reverse_sorted,1900,string_mergesort_lcp,367.054,41160.000,5,1
reverse_sorted,1900,msd_radix_sort,176.298,4605.000,5,1
reverse_sorted,1900,msd_radix_quick_sort,100.719,20595.000,5,1
reverse_sorted,2000,standard_quicksort,242.646,29310.000,5,1
reverse_sorted,2000,standard_mergesort,187.877,17042.000,5,1
reverse_sorted,2000,string_quicksort,217.550,46955.000,5,1
reverse_sorted,2000,string_mergesort_lcp,467.397,44162.000,5,1
reverse_sorted,2000,msd_radix_sort,191.993,4850.000,5,1
reverse_sorted,2000,msd_radix_quick_sort,103.223,21741.000,5,1
reverse_sorted,2100,standard_quicksort,225.500,31021.000,5,1
reverse_sorted,2100,standard_mergesort,138.965,18050.000,5,1
reverse_sorted,2100,string_quicksort,135.561,49619.000,5,1
reverse_sorted,2100,string_mergesort_lcp,398.914,46716.000,5,1
reverse_sorted,2100,msd_radix_sort,154.715,5093.000,5,1
reverse_sorted,2100,msd_radix_quick_sort,87.947,22828.000,5,1
reverse_sorted,2200,standard_quicksort,319.983,32348.000,5,1
reverse_sorted,2200,standard_mergesort,140.356,18637.000,5,1
reverse_sorted,2200,string_quicksort,141.852,52758.000,5,1
reverse_sorted,2200,string_mergesort_lcp,461.988,48360.000,5,1
reverse_sorted,2200,msd_radix_sort,166.702,5348.000,5,1
reverse_sorted,2200,msd_radix_quick_sort,100.673,23925.000,5,1
reverse_sorted,2300,standard_quicksort,240.505,33754.000,5,1
reverse_sorted,2300,standard_mergesort,162.392,19404.000,5,1
reverse_sorted,2300,string_quicksort,147.445,55332.000,5,1
reverse_sorted,2300,string_mergesort_lcp,464.299,50444.000,5,1
reverse_sorted,2300,msd_radix_sort,195.933,5590.000,5,1
reverse_sorted,2300,msd_radix_quick_sort,119.244,25045.000,5,1
reverse_sorted,2400,standard_quicksort,340.774,35381.000,5,1
reverse_sorted,2400,standard_mergesort,237.957,20299.000,5,1
reverse_sorted,2400,string_quicksort,156.542,58571.000,5,1
reverse_sorted,2400,string_mergesort_lcp,434.722,52678.000,5,1
reverse_sorted,2400,msd_radix_sort,195.662,5827.000,5,1
reverse_sorted,2400,msd_radix_quick_sort,111.939,26136.000,5,1
reverse_sorted,2500,standard_quicksort,269.496,36990.000,5,1
reverse_sorted,2500,standard_mergesort,224.172,21262.000,5,1
reverse_sorted,2500,string_quicksort,254.239,60627.000,5,1
reverse_sorted,2500,string_mergesort_lcp,553.017,55249.000,5,1
reverse_sorted,2500,msd_radix_sort,222.953,6075.000,5,1
reverse_sorted,2500,msd_radix_quick_sort,118.408,27212.000,5,1
reverse_sorted,2600,standard_quicksort,270.662,39030.000,5,1
reverse_sorted,2600,standard_mergesort,188.132,22098.000,5,1
reverse_sorted,2600,string_quicksort,167.685,63545.000,5,1
reverse_sorted,2600,string_mergesort_lcp,460.710,57513.000,5,1
reverse_sorted,2600,msd_radix_sort,195.573,6320.000,5,1
reverse_sorted,2600,msd_radix_quick_sort,110.842,28330.000,5,1
reverse_sorted,2700,standard_quicksort,271.467,40986.000,5,1
reverse_sorted,2700,standard_mergesort,216.584,22861.000,5,1
reverse_sorted,2700,string_quicksort,231.501,66834.000,5,1
reverse_sorted,2700,string_mergesort_lcp,480.699,59614.000,5,1
reverse_sorted,2700,msd_radix_sort,227.846,6556.000,5,1
reverse_sorted,2700,msd_radix_quick_sort,112.892,29400.000,5,1
reverse_sorted,2800,standard_quicksort,253.882,42641.000,5,1
reverse_sorted,2800,standard_mergesort,185.038,23883.000,5,1
reverse_sorted,2800,string_quicksort,184.177,68883.000,5,1
reverse_sorted,2800,string_mergesort_lcp,474.636,62224.000,5,1
reverse_sorted,2800,msd_radix_sort,249.944,6797.000,5,1
reverse_sorted,2800,msd_radix_quick_sort,126.303,30484.000,5,1
reverse_sorted,2900,standard_quicksort,297.537,44205.000,5,1
reverse_sorted,2900,standard_mergesort,274.913,24630.000,5,1
reverse_sorted,2900,string_quicksort,180.304,72649.000,5,1
reverse_sorted,2900,string_mergesort_lcp,480.047,64403.000,5,1
reverse_sorted,2900,msd_radix_sort,226.462,7036.000,5,1
reverse_sorted,2900,msd_radix_quick_sort,128.664,31541.000,5,1
reverse_sorted,3000,standard_quicksort,328.770,46071.000,5,1
reverse_sorted,3000,standard_mergesort,240.841,25782.000,5,1
reverse_sorted,3000,string_quicksort,240.561,74946.000,5,1
reverse_sorted,3000,string_mergesort_lcp,594.846,67347.000,5,1
reverse_sorted,3000,msd_radix_sort,232.747,7279.000,5,1
reverse_sorted,3000,msd_radix_quick_sort,128.332,32652.000,5,1
almost_sorted,100,standard_quicksort,8.245,903.000,5,1
almost_sorted,100,standard_mergesort,5.892,850.000,5,1
almost_sorted,100,string_quicksort,4.062,1560.000,5,1
almost_sorted,100,string_mergesort_lcp,15.364,2164.000,5,1
almost_sorted,100,msd_radix_sort,7.429,231.000,5,1
almost_sorted,100,msd_radix_quick_sort,3.740,957.000,5,1
almost_sorted,200,standard_quicksort,16.505,2039.000,5,1
almost_sorted,200,standard_mergesort,13.462,1854.000,5,1
almost_sorted,200,string_quicksort,9.680,3462.000,5,1
almost_sorted,200,string_mergesort_lcp,35.540,4835.000,5,1
almost_sorted,200,msd_radix_sort,15.387,455.000,5,1
almost_sorted,200,msd_radix_quick_sort,8.503,1869.000,5,1
almost_sorted,300,standard_quicksort,29.919,3743.000,5,1
almost_sorted,300,standard_mergesort,22.381,3002.000,5,1
almost_sorted,300,string_quicksort,17.220,6272.000,5,1
almost_sorted,300,string_mergesort_lcp,59.111,7841.000,5,1
almost_sorted,300,msd_radix_sort,21.802,687.000,5,1
almost_sorted,300,msd_radix_quick_sort,11.843,2869.000,5,1
almost_sorted,400,standard_quicksort,42.904,6049.000,5,1
almost_sorted,400,standard_mergesort,28.741,4148.000,5,1
almost_sorted,400,string_quicksort,22.416,7995.000,5,1
almost_sorted,400,string_mergesort_lcp,84.698,10970.000,5,1
almost_sorted,400,msd_radix_sort,26.505,910.000,5,1
almost_sorted,400,msd_radix_quick_sort,15.109,3894.000,5,1
almost_sorted,500,standard_quicksort,52.702,6404.000,5,1
almost_sorted,500,standard_mergesort,34.839,5232.000,5,1
almost_sorted,500,string_quicksort,28.449,10006.000,5,1
almost_sorted,500,string_mergesort_lcp,102.470,13863.000,5,1
almost_sorted,500,msd_radix_sort,33.720,1144.000,5,1
almost_sorted,500,msd_radix_quick_sort,20.283,4883.000,5,1
almost_sorted,600,standard_quicksort,75.079,8561.000,5,1
almost_sorted,600,standard_mergesort,64.094,6748.000,5,1
almost_sorted,600,string_quicksort,59.674,12272.000,5,1
almost_sorted,600,string_mergesort_lcp,139.513,17846.000,5,1
almost_sorted,600,msd_radix_sort,42.049,1393.000,5,1
almost_sorted,600,msd_radix_quick_sort,26.916,5999.000,5,1
almost_sorted,700,standard_quicksort,101.153,10766.000,5,1
almost_sorted,700,standard_mergesort,58.059,7972.000,5,1
almost_sorted,700,string_quicksort,67.277,14434.000,5,1
almost_sorted,700,string_mergesort_lcp,172.076,21135.000,5,1
almost_sorted,700,msd_radix_sort,94.211,1627.000,5,1
almost_sorted,700,msd_radix_quick_sort,28.319,7108.000,5,1
almost_sorted,800,standard_quicksort,93.701,12968.000,5,1
almost_sorted,800,standard_mergesort,59.474,9228.000,5,1
almost_sorted,800,string_quicksort,47.705,17450.000,5,1
almost_sorted,800,string_mergesort_lcp,182.474,24472.000,5,1
almost_sorted,800,msd_radix_sort,56.447,1872.000,5,1
almost_sorted,800,msd_radix_quick_sort,43.987,8198.000,5,1
almost_sorted,900,standard_quicksort,114.041,14965.000,5,1
almost_sorted,900,standard_mergesort,77.188,10348.000,5,1
almost_sorted,900,string_quicksort,71.249,19707.000,5,1
almost_sorted,900,string_mergesort_lcp,227.245,27501.000,5,1
almost_sorted,900,msd_radix_sort,76.615,2125.000,5,1
almost_sorted,900,msd_radix_quick_sort,49.446,9314.000,5,1
almost_sorted,1000,standard_quicksort,154.179,16857.000,5,1
almost_sorted,1000,standard_mergesort,103.267,11576.000,5,1
almost_sorted,1000,string_quicksort,83.156,21957.000,5,1
almost_sorted,1000,string_mergesort_lcp,307.471,30903.000,5,1
almost_sorted,1000,msd_radix_sort,94.755,2369.000,5,1
almost_sorted,1000,msd_radix_quick_sort,56.524,10390.000,5,1
almost_sorted,1100,standard_quicksort,176.252,18267.000,5,1
almost_sorted,1100,standard_mergesort,126.664,13104.000,5,1
almost_sorted,1100,string_quicksort,128.673,24551.000,5,1
almost_sorted,1100,string_mergesort_lcp,324.141,34827.000,5,1
almost_sorted,1100,msd_radix_sort,96.092,2613.000,5,1
almost_sorted,1100,msd_radix_quick_sort,57.048,11554.000,5,1
almost_sorted,1200,standard_quicksort,172.337,20716.000,5,1
almost_sorted,1200,standard_mergesort,120.337,14757.000,5,1
almost_sorted,1200,string_quicksort,95.778,27657.000,5,1
almost_sorted,1200,string_mergesort_lcp,368.555,39332.000,5,1
almost_sorted,1200,msd_radix_sort,111.485,2854.000,5,1
almost_sorted,1200,msd_radix_quick_sort,67.570,12681.000,5,1
almost_sorted,1300,standard_quicksort,209.276,23705.000,5,1
almost_sorted,1300,standard_mergesort,134.971,16138.000,5,1
almost_sorted,1300,string_quicksort,106.954,31261.000,5,1
almost_sorted,1300,string_mergesort_lcp,425.042,43097.000,5,1
almost_sorted,1300,msd_radix_sort,163.329,3089.000,5,1
almost_sorted,1300,msd_radix_quick_sort,76.996,13762.000,5,1
almost_sorted,1400,standard_quicksort,215.044,24017.000,5,1
almost_sorted,1400,standard_mergesort,196.059,17579.000,5,1
almost_sorted,1400,string_quicksort,112.697,32447.000,5,1
almost_sorted,1400,string_mergesort_lcp,400.539,46978.000,5,1
almost_sorted,1400,msd_radix_sort,114.729,3323.000,5,1
almost_sorted,1400,msd_radix_quick_sort,67.437,14757.000,5,1
almost_sorted,1500,standard_quicksort,202.757,25392.000,5,1
almost_sorted,1500,standard_mergesort,137.174,18937.000,5,1
almost_sorted,1500,string_quicksort,107.442,36205.000,5,1
almost_sorted,1500,string_mergesort_lcp,396.092,50439.000,5,1
almost_sorted,1500,msd_radix_sort,116.684,3577.000,5,1
almost_sorted,1500,msd_radix_quick_sort,79.573,15915.000,5,1
almost_sorted,1600,standard_quicksort,189.227,25229.000,5,1
almost_sorted,1600,standard_mergesort,140.506,20317.000,5,1
almost_sorted,1600,string_quicksort,111.890,39876.000,5,1
almost_sorted,1600,string_mergesort_lcp,518.213,54249.000,5,1
almost_sorted,1600,msd_radix_sort,125.682,3830.000,5,1
almost_sorted,1600,msd_radix_quick_sort,73.363,16990.000,5,1
almost_sorted,1700,standard_quicksort,222.716,28704.000,5,1
almost_sorted,1700,standard_mergesort,162.011,21954.000,5,1
almost_sorted,1700,string_quicksort,138.873,41034.000,5,1
almost_sorted,1700,string_mergesort_lcp,537.700,58689.000,5,1
almost_sorted,1700,msd_radix_sort,149.519,4071.000,5,1
almost_sorted,1700,msd_radix_quick_sort,108.399,18203.000,5,1
almost_sorted,1800,standard_quicksort,294.648,31465.000,5,1
almost_sorted,1800,standard_mergesort,176.577,23079.000,5,1
almost_sorted,1800,string_quicksort,146.675,46332.000,5,1
almost_sorted,1800,string_mergesort_lcp,730.729,61608.000,5,1
almost_sorted,1800,msd_radix_sort,145.705,4317.000,5,1
almost_sorted,1800,msd_radix_quick_sort,90.766,19338.000,5,1
almost_sorted,1900,standard_quicksort,265.044,32139.000,5,1
almost_sorted,1900,standard_mergesort,175.854,24602.000,5,1
almost_sorted,1900,string_quicksort,140.741,47264.000,5,1
almost_sorted,1900,string_mergesort_lcp,518.751,65793.000,5,1
almost_sorted,1900,msd_radix_sort,152.471,4558.000,5,1
almost_sorted,1900,msd_radix_quick_sort,130.611,20538.000,5,1
almost_sorted,2000,standard_quicksort,293.643,37606.000,5,1
almost_sorted,2000,standard_mergesort,208.509,25506.000,5,1
almost_sorted,2000,string_quicksort,163.433,49659.000,5,1
almost_sorted,2000,string_mergesort_lcp,565.887,68153.000,5,1
almost_sorted,2000,msd_radix_sort,155.883,4798.000,5,1
almost_sorted,2000,msd_radix_quick_sort,103.731,21683.000,5,1
almost_sorted,2100,standard_quicksort,286.064,34189.000,5,1
almost_sorted,2100,standard_mergesort,244.773,27189.000,5,1
almost_sorted,2100,string_quicksort,204.920,51455.000,5,1
almost_sorted,2100,string_mergesort_lcp,730.836,72744.000,5,1
almost_sorted,2100,msd_radix_sort,195.241,5041.000,5,1
almost_sorted,2100,msd_radix_quick_sort,108.646,22981.000,5,1
almost_sorted,2200,standard_quicksort,288.554,38103.000,5,1
almost_sorted,2200,standard_mergesort,204.092,29192.000,5,1
almost_sorted,2200,string_quicksort,169.710,54627.000,5,1
almost_sorted,2200,string_mergesort_lcp,810.659,77704.000,5,1
almost_sorted,2200,msd_radix_sort,236.189,5302.000,5,1
almost_sorted,2200,msd_radix_quick_sort,204.012,24277.000,5,1
almost_sorted,2300,standard_quicksort,407.940,38639.000,5,1
almost_sorted,2300,standard_mergesort,256.059,30941.000,5,1
almost_sorted,2300,string_quicksort,180.303,56782.000,5,1
almost_sorted,2300,string_mergesort_lcp,652.759,82472.000,5,1
almost_sorted,2300,msd_radix_sort,171.605,5561.000,5,1
almost_sorted,2300,msd_radix_quick_sort,113.603,25514.000,5,1
almost_sorted,2400,standard_quicksort,296.160,41317.000,5,1
almost_sorted,2400,standard_mergesort,282.112,32720.000,5,1
almost_sorted,2400,string_quicksort,163.612,59431.000,5,1
almost_sorted,2400,string_mergesort_lcp,665.116,87148.000,5,1
almost_sorted,2400,msd_radix_sort,169.750,5807.000,5,1
almost_sorted,2400,msd_radix_quick_sort,117.320,26795.000,5,1
almost_sorted,2500,standard_quicksort,330.942,42383.000,5,1
almost_sorted,2500,standard_mergesort,277.399,33992.000,5,1
almost_sorted,2500,string_quicksort,230.641,62091.000,5,1
almost_sorted,2500,string_mergesort_lcp,1162.439,90524.000,5,1
almost_sorted,2500,msd_radix_sort,234.167,6052.000,5,1
almost_sorted,2500,msd_radix_quick_sort,146.430,28031.000,5,1
almost_sorted,2600,standard_quicksort,357.063,41705.000,5,1
almost_sorted,2600,standard_mergesort,265.706,35563.000,5,1
almost_sorted,2600,string_quicksort,217.567,64624.000,5,1
almost_sorted,2600,string_mergesort_lcp,916.298,94701.000,5,1
almost_sorted,2600,msd_radix_sort,235.944,6291.000,5,1
almost_sorted,2600,msd_radix_quick_sort,151.948,29218.000,5,1
almost_sorted,2700,standard_quicksort,368.491,44323.000,5,1
almost_sorted,2700,standard_mergesort,263.664,37088.000,5,1
almost_sorted,2700,string_quicksort,218.337,68641.000,5,1
almost_sorted,2700,string_mergesort_lcp,826.495,98950.000,5,1
almost_sorted,2700,msd_radix_sort,220.715,6541.000,5,1
almost_sorted,2700,msd_radix_quick_sort,128.892,30374.000,5,1
almost_sorted,2800,standard_quicksort,329.911,43031.000,5,1
almost_sorted,2800,standard_mergesort,247.092,38722.000,5,1
almost_sorted,2800,string_quicksort,191.392,71105.000,5,1
almost_sorted,2800,string_mergesort_lcp,766.382,103238.000,5,1
almost_sorted,2800,msd_radix_sort,210.992,6783.000,5,1
almost_sorted,2800,msd_radix_quick_sort,150.143,31550.000,5,1
almost_sorted,2900,standard_quicksort,321.094,43606.000,5,1
almost_sorted,2900,standard_mergesort,286.526,40199.000,5,1
almost_sorted,2900,string_quicksort,256.508,73690.000,5,1
almost_sorted,2900,string_mergesort_lcp,884.772,106857.000,5,1
almost_sorted,2900,msd_radix_sort,222.906,7038.000,5,1
almost_sorted,2900,msd_radix_quick_sort,198.610,32832.000,5,1
almost_sorted,3000,standard_quicksort,397.438,47307.000,5,1
almost_sorted,3000,standard_mergesort,311.071,41373.000,5,1
almost_sorted,3000,string_quicksort,215.372,76572.000,5,1
almost_sorted,3000,string_mergesort_lcp,804.295,109873.000,5,1
almost_sorted,3000,msd_radix_sort,223.674,7279.000,5,1
almost_sorted,3000,msd_radix_quick_sort,152.471,34067.000,5,1
